paper_id,student_roll_number,title,authors,affiliations,orcid_id,abstract,intro,review,methodology,result,discussion,conclusions,journal_name,volume_issue,doi,license,bibliography,approved
RP001,2023CS001,Machine Learning in Education,Alex Johnson/Dr. Sarah Williams,University Computer Science Department,0000-0001-2345-6789,A study on implementing ML in educational systems,This paper explores innovative applications of machine learning algorithms to enhance educational outcomes and personalize learning experiences.,Peer-reviewed and accepted,Qualitative and quantitative analysis,Positive correlation found,Implications for future educational systems,ML shows promising results in education,Journal of Educational Technology,Vol. 15/Issue 3,10.1234/jet.2024.001,CC BY-NC-ND 4.0,Harvard style references,1
RP002,2023CS003,Blockchain in Healthcare,John Smith/Dr. Emily Martinez,University Computer Science Department,0000-0001-3456-7890,Implementation of blockchain in healthcare records,This research introduces a novel blockchain framework designed to strengthen healthcare data security while improving accessibility for authorized medical professionals.,Under review,Case study analysis,Improved security metrics,Future of healthcare data,Blockchain enhances security,Journal of Healthcare Informatics,Vol. 8/Issue 2,10.1234/jhi.2024.002,CC BY 4.0,APA style references,1
RP003,2023EE002,Renewable Energy Systems,Emma Davis/Dr. Michael Brown,University Electrical Engineering Department,0000-0001-4567-8901,Smart grid integration with renewable sources,This paper presents comprehensive analysis of integration techniques for renewable energy sources within smart grid infrastructure to maximize efficiency and reliability.,Accepted with revisions,Experimental research,Efficiency improvement,Cost-benefit analysis,Viable for implementation,Renewable Energy Journal,Vol. 20/Issue 4,10.1234/rej.2024.003,MIT License,IEEE style references,1
RP004,2023CS007,Quantum Computing Applications,David Kim/Dr. Sarah Williams,University Computer Science Department,0000-0001-5678-9012,Quantum algorithms for optimization problems,Our research demonstrates breakthrough applications of quantum algorithms to solve complex optimization problems that are intractable for classical computing systems.,Peer-reviewed and accepted,Simulation and theoretical analysis,Performance gains demonstrated,Quantum supremacy implications,Quantum computing shows promise for NP-hard problems,Quantum Information Processing,Vol. 12/Issue 2,10.1234/qip.2024.004,CC BY 4.0,APA style references,1
RP005,2023ME004,Advanced Materials in Aerospace,Sarah Chen/Dr. James Wilson,University Mechanical Engineering Department,0000-0001-6789-0123,Composite materials for aircraft structures,This study introduces next-generation composite materials specifically engineered for critical aerospace applications with unprecedented strength-to-weight ratios.,Accepted with minor revisions,Experimental testing and analysis,Improved strength-to-weight ratio,Applications in commercial aviation,New composites reduce aircraft weight by 15%,Journal of Aerospace Engineering,Vol. 35/Issue 1,10.1234/jae.2024.005,CC BY-NC-SA 4.0,Chicago style references,1
RP006,2023CS010,Natural Language Processing Advances,Maria Garcia/Dr. Patricia Lee,University Computer Science Department,0000-0001-7890-1234,Transformer models for multilingual translation,Our research introduces an enhanced transformer architecture that significantly improves multilingual translation capabilities across diverse language families.,Peer-reviewed and accepted,Comparative analysis,State-of-the-art translation quality,Multilingual model efficiency,Transformer architecture outperforms previous methods,Computational Linguistics Journal,Vol. 48/Issue 3,10.1234/cl.2024.006,CC BY 4.0,IEEE style references,1
RP007,2023EE006,Power Grid Optimization,Lisa Wong/Dr. Michael Brown,University Electrical Engineering Department,0000-0001-8901-2345,AI-based load balancing in smart grids,This paper presents an innovative artificial intelligence framework for dynamic load balancing in next-generation smart grid systems to prevent outages.,Under review,Simulation and field testing,Reduced power outages,Energy efficiency improvements,Smart grid implementation reduces failures by 30%,IEEE Transactions on Power Systems,Vol. 39/Issue 2,10.1234/tps.2024.007,CC BY-NC-ND 4.0,IEEE style references,1
RP008,2023CE005,Sustainable Construction Materials,Michael Brown/Dr. Emily Martinez,University Civil Engineering Department,0000-0001-9012-3456,Recycled concrete aggregates in structural applications,This research investigates the structural viability of recycled concrete aggregates as a sustainable alternative to traditional materials in construction projects.,Accepted with revisions,Experimental testing,Comparable strength metrics,Environmental impact reduction,Recycled aggregates viable for non-critical structures,Journal of Building Engineering,Vol. 15/Issue 4,10.1234/jbe.2024.008,CC BY 4.0,APA style references,1
RP009,2023CS011,Deep Learning for Medical Imaging,Kevin Patel/Dr. Robert Taylor,University Computer Science Department,0000-0002-0123-4567,Neural networks for early cancer detection,This study presents a groundbreaking convolutional neural network architecture specifically optimized for early-stage cancer detection in medical imaging.,Peer-reviewed and accepted,Clinical data analysis,Improved detection accuracy,Healthcare implementation challenges,Deep learning improves diagnosis accuracy by 18%,Medical Image Analysis,Vol. 25/Issue 2,10.1234/mia.2024.009,CC BY-NC-SA 4.0,Vancouver style references,1
RP010,2023ME008,Robotics in Manufacturing,Rachel Green/Dr. James Wilson,University Mechanical Engineering Department,0000-0002-1234-5678,Collaborative robots in assembly lines,This paper introduces an advanced collaborative robotics framework designed to revolutionize manufacturing assembly processes while ensuring worker safety.,Accepted with minor revisions,Case studies and implementation,Productivity improvements,Human-robot collaboration,Collaborative robots increase efficiency by 25%,Journal of Manufacturing Systems,Vol. 60/Issue 1,10.1234/jms.2024.010,MIT License,Chicago style references,1
RP011,2023CS015,Graph Neural Networks,James Wilson/Dr. Patricia Lee,University Computer Science Department,0000-0002-2345-6789,GNNs for social network analysis,Our research demonstrates novel applications of graph neural networks to uncover hidden patterns in complex social network structures and interactions.,Peer-reviewed and accepted,Comparative algorithm analysis,Superior pattern recognition,Social dynamics insights,Graph neural networks outperform traditional methods,Social Network Analysis Journal,Vol. 18/Issue 3,10.1234/sna.2024.011,CC BY 4.0,APA style references,1
RP012,2023EE012,Wireless Communication Advances,Jessica Zhang/Dr. Michael Brown,University Electrical Engineering Department,0000-0002-3456-7890,MIMO systems for 6G networks,This paper presents cutting-edge multiple-input multiple-output systems specifically engineered to form the backbone of next-generation 6G wireless networks.,Under review,Simulation and prototyping,Bandwidth improvement,Future of wireless communications,MIMO configurations increase data rates by 40%,IEEE Communications Magazine,Vol. 62/Issue 2,10.1234/cm.2024.012,CC BY-NC-ND 4.0,IEEE style references,1
RP013,2023ME013,Thermal Energy Storage,Daniel Rodriguez/Dr. Thomas Moore,University Mechanical Engineering Department,0000-0002-4567-8901,Phase change materials for energy conservation,This research introduces innovative phase change materials specifically designed to revolutionize thermal energy storage capacity for renewable energy systems.,Accepted with revisions,Experimental analysis,Energy storage efficiency,Renewable energy integration,PCMs improve energy storage capacity by 35%,Journal of Energy Storage,Vol. 45/Issue 3,10.1234/jes.2024.013,CC BY 4.0,Harvard style references,1
RP014,2023CS019,Cybersecurity Frameworks,Benjamin Taylor/Dr. Patricia Lee,University Computer Science Department,0000-0002-5678-9012,Zero-trust security models for enterprises,Our paper presents a comprehensive zero-trust security framework designed to fundamentally transform enterprise network protection strategies.,Peer-reviewed and accepted,Comparative security analysis,Threat mitigation improvements,Implementation strategies,Zero-trust models reduce security breaches by 60%,Journal of Cybersecurity,Vol. 10/Issue 4,10.1234/jcs.2024.014,CC BY-NC-SA 4.0,APA style references,1
RP015,2023CE014,Sustainable Urban Planning,Sophia Lee/Dr. Emily Martinez,University Civil Engineering Department,0000-0002-6789-0123,Green infrastructure in urban environments,This study introduces an integrated approach to green infrastructure implementation in urban environments to mitigate climate change impacts and improve livability.,Accepted with minor revisions,Case studies and modeling,Environmental impact reduction,Urban sustainability enhancement,Green infrastructure reduces urban heat islands by 3°C,Urban Planning Review,Vol. 28/Issue 2,10.1234/upr.2024.015,CC BY 4.0,Chicago style references,1
RP016,2023CS021,Reinforcement Learning,Christopher Lee/Dr. Robert Taylor,University Computer Science Department,0000-0002-7890-1234,RL algorithms for autonomous vehicles,This paper presents breakthrough reinforcement learning algorithms specifically optimized for real-time decision-making in autonomous vehicle navigation systems.,Peer-reviewed and accepted,Simulation and field testing,Improved navigation decisions,Autonomous transportation future,RL algorithms reduce navigation errors by 45%,Autonomous Systems Journal,Vol. 15/Issue 3,10.1234/asj.2024.016,MIT License,IEEE style references,1
RP017,2023EE016,Smart Grid Security,Olivia Martinez/Dr. Jennifer White,University Electrical Engineering Department,0000-0002-8901-2345,Blockchain-based security for power grids,Our research introduces a novel blockchain-based security framework specifically designed to protect critical power grid infrastructure from emerging cyber threats.,Under review,Security analysis and simulation,Attack vector reduction,Critical infrastructure protection,Blockchain verification reduces successful attacks by 75%,IEEE Transactions on Smart Grid,Vol. 13/Issue 2,10.1234/tsg.2024.017,CC BY-NC-ND 4.0,IEEE style references,1
RP018,2023ME017,Additive Manufacturing,Ryan Chen/Dr. Thomas Moore,University Mechanical Engineering Department,0000-0002-9012-3456,Metal 3D printing for aerospace components,This study presents advanced metal 3D printing techniques specifically optimized for creating high-performance aerospace components with complex geometries.,Accepted with revisions,Experimental testing,Structural integrity validation,Manufacturing process optimization,3D printed components reduce weight by 25%,Additive Manufacturing Journal,Vol. 30/Issue 4,10.1234/amj.2024.018,CC BY 4.0,APA style references,1
RP019,2023CS024,Federated Learning,Ava Wilson/Dr. Patricia Lee,University Computer Science Department,0000-0003-0123-4567,Privacy-preserving distributed ML,Our paper introduces a groundbreaking federated learning architecture that enables collaborative model training while maintaining strict data privacy across distributed systems.,Peer-reviewed and accepted,Comparative analysis,Data privacy maintenance,Distributed system challenges,Federated learning preserves privacy while maintaining 95% accuracy,Privacy Enhancing Technologies,Vol. 18/Issue 1,10.1234/pet.2024.019,CC BY-NC-SA 4.0,Harvard style references,1
RP020,2023CE018,Earthquake Resistant Structures,Emily Johnson/Dr. Emily Martinez,University Civil Engineering Department,0000-0003-1234-5678,Base isolation techniques for high-rise buildings,This research presents innovative base isolation systems specifically engineered to protect high-rise buildings in severe seismic events while maintaining structural integrity.,Accepted with minor revisions,Structural analysis and modeling,Improved seismic response,Implementation in earthquake-prone regions,Base isolation reduces structural damage by 40%,Journal of Structural Engineering,Vol. 42/Issue 3,10.1234/jse.2024.020,CC BY 4.0,Chicago style references,1
